Page,URL
0,https://www.channelnewsasia.com/asia/hong-kong-food-supplies-may-be-disrupted-covid-19-hits-goods-drivers-authorities-2495231
0,https://www.channelnewsasia.com/singapore/weighing-instruments-ntuc-fairprice-nex-amk-hub-mislabelling-accurate-wmo-2492346
0,https://www.channelnewsasia.com/singapore/ntuc-fairprice-salmon-label-weight-human-error-chicken-2487951
0,https://www.channelnewsasia.com/commentary/post-festive-eating-weight-loss-diet-exercise-psychology-2476816
0,https://www.channelnewsasia.com/dining/new-york-times-singaporean-chicken-curry-brands-hdb-scdf-2481041
0,https://www.channelnewsasia.com/business/student-budgets-may-be-tested-cup-noodle-price-hike-japan-2479551
0,https://www.channelnewsasia.com/women/fluff-bakery-cupcakes-business-success-nursyazanna-syaira-ashraf-alami-2470276
0,https://www.channelnewsasia.com/living/how-air-fryer-became-go-kitchen-appliance-everyones-homes-2460396
0,https://www.channelnewsasia.com/commentary/empty-supermarket-shelves-us-groceries-omicron-food-supply-chains-resignation-wave-climate-change-2465096
0,https://www.channelnewsasia.com/asia/malaysia-johor-flood-heat-rising-vegetable-prices-cny-2461066
0,https://www.channelnewsasia.com/commentary/malaysia-food-price-rise-inflation-flood-government-2450546
0,https://www.channelnewsasia.com/singapore/illegal-import-bak-kwa-pork-floss-malaysia-ica-sfa-2447706
0,https://www.channelnewsasia.com/advertorial/golden-chef-brings-ocean-treasures-your-chinese-new-year-gourmet-gatherings-2433311
0,https://www.channelnewsasia.com/business/hong-kong-fund-sell-japan-south-korea-burger-king-business-deal-over-us1-billion-2442466
0,https://www.channelnewsasia.com/asia/hong-kong-watchdog-lobster-meatballs-no-crustacean-2440966
1,https://www.channelnewsasia.com/commentary/cny-festive-family-feasts-meal-sets-delivery-take-away-2430366
1,https://www.channelnewsasia.com/women/chinese-new-year-pineapple-tarts-instagram-bakers-2430176
1,https://www.channelnewsasia.com/singapore/inflation-rising-costs-singapore-wage-growth-diversify-food-imports-2427296
1,https://www.channelnewsasia.com/commentary/junk-food-exercise-weight-loss-healthy-diet-calorie-intake-2414096
1,https://www.channelnewsasia.com/commentary/plant-based-meat-alternative-proteins-not-healthy-sodium-2413621
1,https://www.channelnewsasia.com/world/world-food-prices-hit-10-year-high-2021-2418926
1,https://www.channelnewsasia.com/commentary/moth-infestation-home-kitchen-pantry-food-2408721
1,https://www.channelnewsasia.com/dining/ethan-khoo-chef-kanves-clooney-les-amis-pollen-morsels-2408426
1,https://www.channelnewsasia.com/commentary/christmas-diet-overeating-calories-holiday-weight-2395456
1,https://www.channelnewsasia.com/commentary/food-waste-christmas-festive-indulgence-2397511
1,https://www.channelnewsasia.com/commentary/rising-food-prices-cost-living-inflation-covid19-2386781
1,https://www.channelnewsasia.com/singapore/severe-food-allergies-parents-children-epipen-coping-2383871
1,https://www.channelnewsasia.com/commentary/fast-food-mental-health-diet-junk-food-obesity-2371661
1,https://www.channelnewsasia.com/singapore/innovative-healthy-snacks-korean-dumpling-chips-tempeh-bak-kwa-2375796
1,https://www.channelnewsasia.com/wellness/healthy-food-nutrition-guidelines-best-tips-2346456
2,https://www.channelnewsasia.com/asia/malaysia-increased-prices-essential-goods-ismail-sabri-yaakob-consumers-2350446
2,https://www.channelnewsasia.com/asia/malaysia-basic-necessities-prices-increase-government-family-sales-2347916
2,https://www.channelnewsasia.com/asia/malaysia-vegetable-price-hikes-2345001
2,https://www.channelnewsasia.com/asia/jakarta-chinatown-old-coffee-shop-kopi-es-tak-kie-2330191
2,https://www.channelnewsasia.com/singapore/food-climate-change-2338826
2,https://www.channelnewsasia.com/singapore/ready-eat-raw-oysters-coffin-bay-australia-recall-2335791
2,https://www.channelnewsasia.com/commentary/food-waste-food-bank-lifestyle-reduce-waste-2322466
2,https://www.channelnewsasia.com/business/money-mind-alternative-protein-fish-maw-tempeh-bak-kwa-2325446
2,https://www.channelnewsasia.com/asia/china-beijing-cabbage-stock-food-winter-2298291
2,https://www.channelnewsasia.com/asia/malaysia-chen-tiang-cake-house-jalan-sungai-besi-kuala-lumpur-rides-out-covid-19-pandemic-old-school-cakes-2283526
2,https://www.channelnewsasia.com/asia/china-food-supplies-vegetable-grain-demand-winter-2291051
2,https://www.channelnewsasia.com/commentary/protein-supplements-shakes-bars-bad-health-2287831
2,https://www.channelnewsasia.com/singapore/higher-food-prices-energy-costs-increase-2288921
2,https://www.channelnewsasia.com/asia/china-store-food-daily-essentials-winter-weather-2284666
2,https://www.channelnewsasia.com/women/singapore-kappo-japanese-restaurant-ichigo-ichie-chef-akane-eno-2281951
3,https://www.channelnewsasia.com/singapore/westlite-jalan-tukang-dormitory-catered-food-sfa-investigating-catering-solutions-2262246
3,https://www.channelnewsasia.com/wellness/cut-out-salt-sodium-big-health-benefits-diet-2238241
3,https://www.channelnewsasia.com/singapore/urban-farming-hdb-carpark-rooftop-jurong-sembawang-woodlands-2199291
3,https://www.channelnewsasia.com/asia/indonesia-restaurants-cloud-kitchens-covid-19-2195146
3,https://www.channelnewsasia.com/business/impossible-foods-plant-based-meat-pork-2196011
3,https://www.channelnewsasia.com/commentary/insect-food-cricket-flour-protein-bar-alternative-meat-climate-change-2169416
3,https://www.channelnewsasia.com/dining/fatpapas-halal-burger-sheikh-haikel-close-bali-lane-2163176
3,https://www.channelnewsasia.com/dining/simbian-chua-century-bakkwa-coffres-singapore-food-2148981
3,https://www.channelnewsasia.com/singapore/sfa-suspends-operator-illegal-processing-cockles-meat-seafood-storage-woodlands-2139941
3,https://www.channelnewsasia.com/commentary/nandos-uk-close-chicken-labour-shortage-covid-19-restaurant-food-2137221
3,https://www.channelnewsasia.com/sustainability/novel-food-solutions-more-sustainable-future-2110796
3,https://www.channelnewsasia.com/commentary/lockdown-weight-gain-diet-lose-calories-food-exercise-2108301
3,https://www.channelnewsasia.com/singapore/low-meng-kee-food-fined-carrot-cake-chwee-kueh-sfa-2106201
3,https://www.channelnewsasia.com/commentary/garden-edible-urban-farm-nparks-grow-vegetable-fruit-food-security-sustainable-2095091
3,https://www.channelnewsasia.com/dining/creative-capital-ovenbird-jeffrey-yeo-2082142
4,https://www.channelnewsasia.com/cnainsider/miracle-saved-gina-vadai-hawkers-lives-stall-battling-covid-19-2036821
4,https://www.channelnewsasia.com/commentary/seafood-sustainable-label-easpiracy-jurong-fishery-port-covid-2037691
4,https://www.channelnewsasia.com/cnainsider/hawkers-heirs-uncertainty-lack-rental-relief-ah-tee-cosy-corner-2051631
4,https://www.channelnewsasia.com/business/double-whammy-food-buyers-freight-costs-spike-amid-high-grain-prices-1981936
4,https://www.channelnewsasia.com/entertainment/mukbang-asmr-tiktok-youtube-whatieatinaday-1985301
4,https://www.channelnewsasia.com/cnainsider/singapore-ageing-heritage-hawkers-successors-recipe-ngoh-hiang-1986516
4,https://www.channelnewsasia.com/singapore/ho-kee-pau-supplier-suspended-nex-recall-pests-sfa-1930261
4,https://www.channelnewsasia.com/experiences/holey-artisan-bakery-bangkok-thailand-1959051
4,https://www.channelnewsasia.com/asia/malaysia-covid19-pak-din-ikan-bakar-kiew-yee-sri-ganapathi-mess-1958981
4,https://www.channelnewsasia.com/asia/malaysia-covid19-dig-savings-kiew-yee-sri-ganapathi-mess-pak-din-1959026
4,https://www.channelnewsasia.com/cnainsider/real-deal-air-fryers-much-healthier-deep-fried-food-acrylamide-1393736
4,https://www.channelnewsasia.com/experiences/raffles-hotel-courtyard-fatfuku-private-dining-singapore-1381051
4,https://www.channelnewsasia.com/experiences/wagyu-prices-singapore-restaurants-1381056
4,https://www.channelnewsasia.com/people/luke-holden-luke-s-lobster-1397511
4,https://www.channelnewsasia.com/people/masterchef-singapore-winner-lands-gig-at-mirazur-1397506
5,https://www.channelnewsasia.com/experiences/singapore-restaurants-fully-booked-how-to-get-a-reservation-1381071
5,https://www.channelnewsasia.com/experiences/singapore-restaurants-that-serve-plant-based-food-1381076
5,https://www.channelnewsasia.com/experiences/appetite-nouri-singapore-michelin-star-restaurant-1381091
5,https://www.channelnewsasia.com/experiences/mother-s-day-2021-afternoon-high-tea-1924346
5,https://www.channelnewsasia.com/entertainment/creative-capital-vegan-baker-chocolate-cupcakes-roa-1968206
5,https://www.channelnewsasia.com/people/restaurateur-yenn-wong-singapore-hong-kong-1882446
5,https://www.channelnewsasia.com/singapore/actress-sasqia-dahuri-kelantan-toa-payoh-hawker-kelate-laksam-231481
5,https://www.channelnewsasia.com/asia/pelakon-malaysia-sasqia-dahuri-masakan-kelantan-gerai-singapura-239766
5,https://www.channelnewsasia.com/singapore/up-your-alley-geylang-red-light-district-singapore-food-culture-222896
5,https://www.channelnewsasia.com/dining/singapore-food-hari-raya-snacks-kueh-keropok-lekor-1975271
5,https://www.channelnewsasia.com/people/singapore-chef-aven-lau-batard-hong-kong-restaurant-1882471
5,https://www.channelnewsasia.com/people/sai-tzy-horng-julie-s-biscuits-scion-1924316
5,https://www.channelnewsasia.com/dining/singapore-food-restaurant-ramadan-iftar-1975291
5,https://www.channelnewsasia.com/asia/china-mukbang-binge-eating-drinking-food-waste-208956
5,https://www.channelnewsasia.com/experiences/where-singapore-s-top-chefs-go-for-breakfast-1882511
6,https://www.channelnewsasia.com/experiences/the-orientalist-house-japanese-private-dining-singapore-1882526
6,https://www.channelnewsasia.com/experiences/luxury-gourmet-ingredients-china-caviar-wine-1882531
6,https://www.channelnewsasia.com/people/david-thompson-aksorn-restaurant-bangkok-thailand-1882546
6,https://www.channelnewsasia.com/experiences/omakase-restaurants-in-singapore-1882556
6,https://www.channelnewsasia.com/experiences/the-chairman-hong-kong-asia-50-best-restaurants-2021-1923306
6,https://www.channelnewsasia.com/experiences/chef-damian-d-silva-heritage-recipes-restaurant-kin-singapore-1882606
6,https://www.channelnewsasia.com/asia/myanmar-food-prices-rice-fuel-united-nations-military-coup-258991
6,https://www.channelnewsasia.com/experiences/keto-diet-fine-dining-service-gourmei-singapore-1923366
6,https://www.channelnewsasia.com/singapore/eggs-recalled-malaysia-farm-lay-hong-berhad-layer-farm-sfa-325851
6,https://www.channelnewsasia.com/asia/taiwan-china-pineapple-trade-import-ban-dishes-food-323961
6,https://www.channelnewsasia.com/people/luc-andreani-managing-director-foodpanda-apac-1882666
6,https://www.channelnewsasia.com/remarkableliving/fine-dining-restaurant-karmakamet-bangkok-thailand-1882671
6,https://www.channelnewsasia.com/experiences/waku-ghin-reopening-marina-bay-sands-japanese-food-singapore-1923431
6,https://www.channelnewsasia.com/asia/thailand-covid19-cocktail-bars-food-368576
6,https://www.channelnewsasia.com/remarkableliving/bangkok-michelin-star-restaurant-80-20-369736
7,https://www.channelnewsasia.com/remarkableliving/kausmo-educating-singapore-diners-about-food-wastage-1882711
7,https://www.channelnewsasia.com/experiences/kinki-reopening-japanese-restaurant-singapore-1923491
7,https://www.channelnewsasia.com/singapore/chai-yuen-di-vegetables-fined-illegal-import-fruits-food-sfa-356146
7,https://www.channelnewsasia.com/asia/ikan-sumatra-utara-opor-ayam-koki-indonesia-masakan-nusantara-303081
7,https://www.channelnewsasia.com/asia/indonesia-jakarta-celebrity-chef-renatta-moeloek-masterchef-433186
7,https://www.channelnewsasia.com/asia/mentega-kunci-kelezatan-toko-kue-lapis-legit-happy-jakarta-298281
7,https://www.channelnewsasia.com/asia/indonesia-kueh-lapis-legit-jakarta-happy-bakery-covid19-cny-295896
7,https://www.channelnewsasia.com/experiences/chinese-new-year-recipes-from-singapore-society-1923551
7,https://www.channelnewsasia.com/delicious-discussions-how-unique-recipes-michelin-guide-kitchen-takeover-came-be-2060116
7,https://www.channelnewsasia.com/dining/chinese-new-year-food-bak-kwa-pineapple-tart-1975546
7,https://www.channelnewsasia.com/singapore/malaysia-singapore-chickens-dead-hot-weather-causeway-covid-19-440901
7,https://www.channelnewsasia.com/experiences/singapore-chinese-new-year-2021-takeaway-delivery-438981
7,https://www.channelnewsasia.com/remarkableliving/seoul-korea-korean-barbecue-omakase-beef-1883631
7,https://www.channelnewsasia.com/business/insurance-health-food-meal-delivery-diabetes-429701
7,https://www.channelnewsasia.com/commentary/kimchi-korea-china-paocai-pickles-iso-mukbang-hamzy-food-origin-425091
8,https://www.channelnewsasia.com/remarkableliving/chef-bun-lai-miya-s-sustainable-sushi-new-haven-1883611
8,https://www.channelnewsasia.com/people/il-lido-beppe-de-vito-restaurant-business-singapore-1883606
8,https://www.channelnewsasia.com/experiences/hypebeast-at-uni-pop-art-showcase-singapore-1923616
8,https://www.channelnewsasia.com/when-restaurant-savoir-faire-meets-local-street-food-flair-2060071
8,https://www.channelnewsasia.com/experiences/singapore-airlines-home-delivery-chinese-new-year-menu-1923631
8,https://www.channelnewsasia.com/asia/china-tianjin-covid-19-coronavirus-found-on-ice-cream-414631
8,https://www.channelnewsasia.com/remarkableliving/gaon-three-michelin-star-restaurant-seoul-south-korea-1883541
8,https://www.channelnewsasia.com/people/luke-yi-chicken-up-leekaja-walking-on-sunshine-1923676
8,https://www.channelnewsasia.com/experiences/pan-pacific-hotels-group-staycation-dining-credits-1923691
8,https://www.channelnewsasia.com/experiences/bangkok-fine-dining-scene-in-2020-386841
8,https://www.channelnewsasia.com/world/some-covid-19-survivors-haunted-loss-smell-and-taste-382876
8,https://www.channelnewsasia.com/dining/nuts-almonds-walnuts-peanuts-1330316
8,https://www.channelnewsasia.com/people/constant-tong-ketomei-meal-subscription-1407521
8,https://www.channelnewsasia.com/experiences/new-year-at-home-singapore-takeaway-food-drinks-menu-1975696
8,https://www.channelnewsasia.com/singapore/lab-grown-chicken-nuggets-1880-eat-just-price-customers-495251
9,https://www.channelnewsasia.com/asia/toko-es-krim-italia-ragusa-jakarta-jalan-veteran-578881
9,https://www.channelnewsasia.com/asia/indonesia-jakarta-ragusa-italian-ice-cream-parlour-1932-562656
9,https://www.channelnewsasia.com/cnainsider/millennial-hawker-great-grandfather-zi-char-stall-tang-kay-kee-486316
9,https://www.channelnewsasia.com/experiences/festive-dining-staycation-singapore-1407446
9,https://www.channelnewsasia.com/experiences/where-to-get-christmas-turkeys-in-singapore-1382596
9,https://www.channelnewsasia.com/commentary/lab-grown-meat-singapore-eat-just-cultured-cell-vegetarian-vegan-455661
9,https://www.channelnewsasia.com/cnainsider/91-year-old-hawker-historic-nam-seng-wonton-noodle-stall-quits-459051
9,https://www.channelnewsasia.com/commentary/lab-grown-chicken-eat-just-cell-cultured-meat-agriculture-food-455796
9,https://www.channelnewsasia.com/asia/johor-1000-food-baskets-malaysians-singapore-hasni-covid-19-452576
9,https://www.channelnewsasia.com/singapore/eat-just-lab-grown-chicken-cultured-meat-first-approval-sfa-450071
9,https://www.channelnewsasia.com/experiences/masaaki-restaurant-japanese-omakase-singapore-1407361
9,https://www.channelnewsasia.com/experiences/1-atico-rooftop-dining-ion-orchard-singapore-1407351
9,https://www.channelnewsasia.com/asia/singapore-fried-hokkien-noodles-woo-malaysia-lucky-seventeen-564846
9,https://www.channelnewsasia.com/singapore/authorities-will-not-dictate-farming-methods-singapore-grace-fu-567426
9,https://www.channelnewsasia.com/singapore/hawkers-singapore-nea-succession-scheme-564851
10,https://www.channelnewsasia.com/entertainment/somebody-feed-phil-cookbook-netflix-phil-rosenthal-1975801
10,https://www.channelnewsasia.com/singapore/hawker-centres-culture-future-singapore-unesco-heritage-554801
10,https://www.channelnewsasia.com/singapore/sfa-kwong-cheong-thye-sauces-pastes-recalled-fish-allergen-557866
10,https://www.channelnewsasia.com/cnainsider/canned-food-maybe-not-bad-nutritious-fresh-healthy-preservatives-552746
10,https://www.channelnewsasia.com/singapore/ntu-electronic-nose-meat-freshness-food-waste-537811
10,https://www.channelnewsasia.com/people/singapore-biotech-start-up-turtletree-labs-1407201
10,https://www.channelnewsasia.com/cnainsider/save-old-airport-road-zi-char-stall-albert-choy-family-covid-19-533296
10,https://www.channelnewsasia.com/experiences/singapore-farm-urban-farmers-suppliers-restaurants-1382401
10,https://www.channelnewsasia.com/experiences/capitol-kempinski-christmas-menu-takeaways-1407121
10,https://www.channelnewsasia.com/cnainsider/food-f-b-outlets-restaurants-covid-19-wake-up-call-seven-changes-980351
10,https://www.channelnewsasia.com/asia/indonesia-indomie-instant-noodles-jakarta-5-unique-twists-963231
10,https://www.channelnewsasia.com/singapore/fuyen-food-fined-poor-maintenance-improper-storage-sfa-967921
10,https://www.channelnewsasia.com/experiences/are-gourmet-korean-ingredients-the-next-big-thing-965896
10,https://www.channelnewsasia.com/experiences/indian-chefs-bangkok-thailand-1382296
10,https://www.channelnewsasia.com/experiences/alkaff-mansion-halloween-money-heist-1407016
11,https://www.channelnewsasia.com/asia/malaysia-iodised-salt-jan-1-grocers-health-ministry-iodine-748081
11,https://www.channelnewsasia.com/experiences/the-farmers-supplying-ethical-organic-produce-to-singapore-963831
11,https://www.channelnewsasia.com/asia/indonesia-jakarta-burnt-banana-fritter-honey-bu-nanik-748646
11,https://www.channelnewsasia.com/cnainsider/antibiotic-free-range-organic-chicken-poultry-feed-cause-concern-958951
11,https://www.channelnewsasia.com/experiences/sri-lankan-cuisine-meets-singapore-heritage-food-1975961
11,https://www.channelnewsasia.com/experiences/singapore-airlines-home-delivery-menu-1382226
11,https://www.channelnewsasia.com/singapore/lim-chu-kang-be-transformed-high-tech-agri-food-cluster-under-sfa-master-plan-730821
11,https://www.channelnewsasia.com/experiences/seafood-restaurant-singapore-catfish-1382196
11,https://www.channelnewsasia.com/singapore/tenders-awarded-rooftop-urban-farming-sites-hdb-car-parks-688616
11,https://www.channelnewsasia.com/cnainsider/bangkok-klong-toey-slum-dancing-shrimp-street-food-689216
11,https://www.channelnewsasia.com/asia/china-frozen-food-importers-shun-countries-with-severe-covid-19-606056
11,https://www.channelnewsasia.com/business/us-funds-million-research-study-covid-19-risk-beef-supply-chain-604281
11,https://www.channelnewsasia.com/asia/china-suspends-seafood-imports-russian-vessels-covid-19-604311
11,https://www.channelnewsasia.com/experiences/ce-la-vi-sky-high-hawker-1406886
11,https://www.channelnewsasia.com/cnainsider/chinese-chow-mein-dharavi-mumbai-slumfood-604431
12,https://www.channelnewsasia.com/experiences/chef-manjunath-mural-song-of-india-new-restaurant-adda-1382126
12,https://www.channelnewsasia.com/cnainsider/philippines-tondo-hawker-monok-slumfood-millionaire-600636
12,https://www.channelnewsasia.com/asia/indonesia-bali-restaurants-popular-tourists-coping-covid-19-702976
12,https://www.channelnewsasia.com/experiences/heirloom-rice-social-enterprise-langit-collective-1382096
12,https://www.channelnewsasia.com/singapore/4-products-sold-online-shopee-facebook-slimming-effects-hsa-696696
12,https://www.channelnewsasia.com/experiences/post-circuit-breaker-singapore-restaurants-697121
12,https://www.channelnewsasia.com/cnainsider/healthy-instant-noodles-hype-fad-reality-check-marketing-gimmick-589926
12,https://www.channelnewsasia.com/people/celebrity-chef-rachel-khoo-on-plant-based-diets-1382041
12,https://www.channelnewsasia.com/dining/best-local-food-singapore-online-sekel-suguru-levelled-tiky-1976196
12,https://www.channelnewsasia.com/business/ms-tries-tap-food-delivery-boom-halt-decline-635446
12,https://www.channelnewsasia.com/people/bjorn-low-urban-farmer-food-security-singapore-1381961
12,https://www.channelnewsasia.com/singapore/covid-19-sfa-no-evidence-virus-transmitted-humans-food-packaging-619746
12,https://www.channelnewsasia.com/world/covid-19-frozen-food-coronavirus-620271
12,https://www.channelnewsasia.com/experiences/korean-chefs-helping-to-popularise-korean-cuisine-in-asia-1381951
12,https://www.channelnewsasia.com/asia/covid-19-china-shenzhen-brazil-chicken-test-positive-coronavirus-618936
13,https://www.channelnewsasia.com/singapore/hawkers-e-payments-sgqr-code-hawkers-go-digital-programme-617041
13,https://www.channelnewsasia.com/asia/china-coronavirus-found-ecuador-shrimps-packaging-617051
13,https://www.channelnewsasia.com/world/mexico-junk-food-labels-opposition-us-canada-eu-switzerland-617656
13,https://www.channelnewsasia.com/world/lebanon-beirut-world-food-programme-wheat-flour-615826
13,https://www.channelnewsasia.com/people/tien-yuan-woon-killiney-kopitiam-1406516
13,https://www.channelnewsasia.com/experiences/buffets-in-singapore-hotels-restaurants-1381916
13,https://www.channelnewsasia.com/experiences/lucali-bygb-pizza-restaurant-singapore-1381906
13,https://www.channelnewsasia.com/people/lady-m-luke-s-lobster-singapore-1381886
13,https://www.channelnewsasia.com/are-canned-foods-good-you-2059791
13,https://www.channelnewsasia.com/experiences/national-day-dining-mbs-restaurants-singapore-1406461
13,https://www.channelnewsasia.com/experiences/japanese-restaurant-singapore-sushi-kou-1381811
13,https://www.channelnewsasia.com/singapore/sunrise-vegetable-food-vegetable-import-fine-sfa-715156
13,https://www.channelnewsasia.com/experiences/goodwood-park-hotel-national-day-treats-1406401
13,https://www.channelnewsasia.com/people/future-of-bangkok-tourism-deepak-ohri-lebua-1406386
13,https://www.channelnewsasia.com/experiences/why-are-hong-kongers-eating-so-much-beef-1381736
14,https://www.channelnewsasia.com/commentary/covid-19-coronavirus-essential-workers-food-security-farmers-643051
14,https://www.channelnewsasia.com/people/chope-restaurant-reservation-platform-singapore-1406336
14,https://www.channelnewsasia.com/experiences/new-restaurants-in-hong-kong-1381716
14,https://www.channelnewsasia.com/experiences/new-generation-of-chinese-restaurants-in-singapore-1381711
14,https://www.channelnewsasia.com/people/five-celebrity-chefs-in-asia-on-the-places-they-ll-go-1381706
14,https://www.channelnewsasia.com/experiences/paradise-teochew-seasonal-dim-sum-menu-1381696
14,https://www.channelnewsasia.com/experiences/michelin-star-restaurant-corner-house-chef-1381686
14,https://www.channelnewsasia.com/experiences/new-and-revamped-restaurants-singapore-1381646
14,https://www.channelnewsasia.com/experiences/restaurants-with-outdoor-areas-in-singapore-1381636
14,https://www.channelnewsasia.com/experiences/banyan-tree-opens-gourmet-organic-farm-thailand-1406181
14,https://www.channelnewsasia.com/experiences/is-culinary-cultural-appropriation-a-thing-in-singapore-1381601
14,https://www.channelnewsasia.com/people/healthier-instant-noodles-singapore-what-if-foods-1381586
14,https://www.channelnewsasia.com/experiences/dumplings-dragon-boat-festival-singapore-1381551
14,https://www.channelnewsasia.com/experiences/best-wine-gadgets-to-optimise-wine-enjoyment-at-home-1381541
14,https://www.channelnewsasia.com/people/fossa-chocolate-singapore-1381546
15,https://www.channelnewsasia.com/experiences/father-s-day-meals-singapore-restaurants-1381536
15,https://www.channelnewsasia.com/people/singapore-chefs-and-bartenders-create-art-for-charity-725621
15,https://www.channelnewsasia.com/people/celebrity-chef-jose-andres-725996
15,https://www.channelnewsasia.com/experiences/japanese-sushi-takeaway-delivery-singapore-1381486
15,https://www.channelnewsasia.com/people/singapore-healthcare-heroes-favourite-food-1381476
15,https://www.channelnewsasia.com/business/reviews-fresh-food-wholesale-industry-649591
15,https://www.channelnewsasia.com/experiences/virus-threatens-chinese-tradition-of-chopsticks-1381446
15,https://www.channelnewsasia.com/experiences/food-delivery-meals-singapore-tingkat-1381441
15,https://www.channelnewsasia.com/experiences/restaurant-zen-fine-dining-delivery-singapore-1412616
15,https://www.channelnewsasia.com/experiences/best-artisanal-bread-bakeries-singapore-1381371
15,https://www.channelnewsasia.com/people/oddle-singapore-restaurants-f-and-b-industry-1381361
15,https://www.channelnewsasia.com/experiences/michelin-restaurants-donate-meals-food-bank-singapore-1412596
15,https://www.channelnewsasia.com/asia/india-jackfruit-popularity-goes-global-veganism-669356
15,https://www.channelnewsasia.com/experiences/how-snacking-on-chips-and-cookies-can-undermine-your-health-669481
15,https://www.channelnewsasia.com/experiences/recipes-from-singapore-society-1381336
16,https://www.channelnewsasia.com/experiences/kitchen-gadgets-for-home-cooks-1970626
16,https://www.channelnewsasia.com/people/thai-chef-singapore-hotel-restaurant-1381326
16,https://www.channelnewsasia.com/singapore/urban-farming-rooftop-hdb-car-park-tender-sfa-937766
16,https://www.channelnewsasia.com/experiences/best-steak-restaurants-singapore-1381301
16,https://www.channelnewsasia.com/access/singapore-s-top-chefs-pick-their-favourite-hawker-food-937256
16,https://www.channelnewsasia.com/singapore/singapore-urban-farming-sprouts-amid-covid-19-outbreak-935486
16,https://www.channelnewsasia.com/access/vegetarian-food-delivery-singapore-936901
16,https://www.channelnewsasia.com/experiences/korean-comfort-food-singapore-1381281
16,https://www.channelnewsasia.com/singapore/singapore-airlines-qantas-ties-up-australia-food-asia-markets-936026
16,https://www.channelnewsasia.com/business/covid-19-new-food-businesses-survival-plans-766591
16,https://www.channelnewsasia.com/people/kotuwa-sri-lankan-restaurant-singapore-1381241
16,https://www.channelnewsasia.com/singapore/covid-19-mcdonalds-singapore-extends-closure-of-restaurants-768031
16,https://www.channelnewsasia.com/experiences/singapore-restaurants-takeaway-delivery-circuit-breaker-1381231
16,https://www.channelnewsasia.com/singapore/food-beverage-businesses-open-close-circuit-breaker-essential-766056
16,https://www.channelnewsasia.com/singapore/demand-frozen-food-freezers-spikes-amid-covid-19-pandemic-763771
17,https://www.channelnewsasia.com/singapore/workers-food-hawker-centres-must-wear-face-masks-covid-19-763531
17,https://www.channelnewsasia.com/experiences/kuala-lumpur-food-beverage-industry-covid-19-1387921
17,https://www.channelnewsasia.com/singapore/covid-19-marina-bay-sands-food-donation-762131
17,https://www.channelnewsasia.com/singapore/covid-19-f-b-businesses-receive-support-food-delivery-orders-761841
17,https://www.channelnewsasia.com/experiences/singapore-restaurants-takeaway-delivery-1387891
17,https://www.channelnewsasia.com/singapore/covid19-fairprice-expands-purchase-limits-oil-canned-food-1325336
17,https://www.channelnewsasia.com/commentary/eating-disorder-mental-health-emotion-food-weight-anorexia-binge-780081
17,https://www.channelnewsasia.com/world/300-million-children-missing-school-meals-due-to-covid1-closures-773491
17,https://www.channelnewsasia.com/asia/malaysia-flying-wonton-mee-paramount-petaling-jaya-seapark-771506
17,https://www.channelnewsasia.com/cnainsider/fish-balls-singapore-unhealthy-meat-itoyori-paste-surimi-bobo-770721
17,https://www.channelnewsasia.com/cnainsider/lab-grow-stem-cell-based-protein-home-shiok-meats-sandhya-sriram-770291
17,https://www.channelnewsasia.com/people/singapore-chef-ace-tan-asian-food-1387761
17,https://www.channelnewsasia.com/experiences/japanese-bento-set-lunch-singapore-1412256
17,https://www.channelnewsasia.com/asia/indonesia-jakarta-snacks-dying-trade-780846
17,https://www.channelnewsasia.com/cnainsider/what-really-is-in-chicken-nuggets-you-like-ultra-processed-food-768391
18,https://www.channelnewsasia.com/cna-insider/how-3d-food-printing-can-help-elderly-780761
18,https://www.channelnewsasia.com/experiences/okinawa-food-singapore-restaurant-1387701
18,https://www.channelnewsasia.com/experiences/butcher-s-block-raffles-hotel-restaurant-singapore-1387666
18,https://www.channelnewsasia.com/commentary/constipation-gut-health-bowel-stool-fibre-water-symptom-cure-777446
18,https://www.channelnewsasia.com/singapore/wuhan-virus-coronavirus-covid-19-groceries-lawrence-wong-776691
18,https://www.channelnewsasia.com/singapore/sfa-food-recall-spring-home-tyj-spring-rolls-pastry-776396
18,https://www.channelnewsasia.com/singapore/coronavirus-fairprice-purchase-limits-paper-rice-instant-noodles-776051
18,https://www.channelnewsasia.com/asia/instagram-indonesia-bandung-cafe-factory-outlet-millenials-846091
18,https://www.channelnewsasia.com/singapore/fairprice-buy-what-you-need-no-need-stockpile-seah-kian-peng-775911
18,https://www.channelnewsasia.com/singapore/leggo-basil-sundried-tomato-pesto-recalled-peanut-allergen-775661
18,https://www.channelnewsasia.com/experiences/kobe-beef-wagyumafia-japan-1387601
18,https://www.channelnewsasia.com/world/astronauts-bake-first-cookies-space-786721
18,https://www.channelnewsasia.com/singapore/sacla-pesto-recall-sfa-undeclared-peanut-allergen-784686
18,https://www.channelnewsasia.com/experiences/10-restaurants-to-celebrate-chinese-new-year-784856
18,https://www.channelnewsasia.com/remarkableliving/kyoto-kaiseki-restaurant-michelin-star-1387536
19,https://www.channelnewsasia.com/singapore/bouchot-live-mussels-france-recalled-norovirus-784066
19,https://www.channelnewsasia.com/asia/malaysia-johor-bahru-hiap-joo-banana-cake-bakery-wood-fired-oven-783666
19,https://www.channelnewsasia.com/cnainsider/crickets-algae-soya-discard-3-future-foods-made-in-singapore-784111
19,https://www.channelnewsasia.com/remarkableliving/michelin-star-restaurants-osaka-japan-1387506
19,https://www.channelnewsasia.com/singapore/hot-sauce-recall-sriracha-exploding-bottle-1311746
19,https://www.channelnewsasia.com/remarkableliving/michelin-star-bangkok-restaurant-bo-lan-1387446
19,https://www.channelnewsasia.com/singapore/cockroach-infestation-obayed-fined-food-sfa-lapses-admiralty-1311571
19,https://www.channelnewsasia.com/experiences/best-food-to-eat-in-phuket-1311721
19,https://www.channelnewsasia.com/dining/singapore-food-trends-2010s-mala-instagram-1976966
19,https://www.channelnewsasia.com/experiences/sorn-southern-thai-food-bangkok-1972671
19,https://www.channelnewsasia.com/cnainsider/low-income-women-change-lives-bakers-beyond-social-services-845921
19,https://www.channelnewsasia.com/asia/indonesia-backlash-baby-lobster-export-ban-845541
19,https://www.channelnewsasia.com/experiences/western-australia-gourmet-escape-1387396
19,https://www.channelnewsasia.com/people/janice-koh-recommends-supper-spots-1976971
19,https://www.channelnewsasia.com/singapore/taj-catering-resume-operations-suspension-gastroenteritis-844561
20,https://www.channelnewsasia.com/remarkableliving/michelin-chef-jose-avillez-belcanto-portugal-1387366
20,https://www.channelnewsasia.com/experiences/bangkok-new-restaurants-closed-2019-1972691
20,https://www.channelnewsasia.com/remarkableliving/portugal-michelin-star-restaurant-alma-1971021
20,https://www.channelnewsasia.com/experiences/barolo-italy-travel-guide-1387281
20,https://www.channelnewsasia.com/cnainsider/how-china-love-durian-reshaping-thai-countryside-monthong-musang-853556
20,https://www.channelnewsasia.com/singapore/farms-productivity-fund-food-security-853146
20,https://www.channelnewsasia.com/cnainsider/sam-leong-michelin-starred-forest-chef-joe-step-out-his-shadow-852006
20,https://www.channelnewsasia.com/asia/malaysia-nasi-kerabu-fauzi-terengganu-award-winning-851166
20,https://www.channelnewsasia.com/cnainsider/china-hungry-for-food-amazon-left-counting-cost-beef-soya-beans-850411
20,https://www.channelnewsasia.com/asia/bali-nasi-campur-made-warung-family-recipes-indonesia-847786
20,https://www.channelnewsasia.com/access/andre-chiang-kanazawa-japan-848451
20,https://www.channelnewsasia.com/cna-insider/wholemeal-or-multigrain-truth-about-healthier-breads-848191
20,https://www.channelnewsasia.com/people/da-paolo-dempsey-italian-restaurant-singapore-1387016
20,https://www.channelnewsasia.com/singapore/nus-study-finds-pig-dna-cuttlefish-and-prawn-balls-sold-singapore-847111
20,https://www.channelnewsasia.com/experiences/best-dry-aged-beef-singapore-1386991
21,https://www.channelnewsasia.com/asia/indonesia-jakarta-goat-soup-kambing-brains-eyes-ears-846996
21,https://www.channelnewsasia.com/experiences/best-supper-spots-in-singapore-1386986
21,https://www.channelnewsasia.com/asia/thai-bangkok-street-food-ban-thonglor-saphan-55-1314201
21,https://www.channelnewsasia.com/experiences/best-street-food-in-bangkok-thailand-1386966
21,https://www.channelnewsasia.com/singapore/tofu-dolford-food-manufacturing-fined-hygiene-cockroaches-1315041
21,https://www.channelnewsasia.com/business/foodpanda-delivery-groceries-flowers-household-items-1315061
21,https://www.channelnewsasia.com/asia/malaysia-queen-sambal-belacan-lee-kuan-yew-pm-hsien-loong-1314261
21,https://www.channelnewsasia.com/singapore/importers-fined-illegal-import-food-products-1313621
21,https://www.channelnewsasia.com/cnainsider/fall-army-worm-affect-prices-cereal-toothpaste-chicken-rice-corn-1313016
21,https://www.channelnewsasia.com/cnainsider/what-making-pork-expensive-singapore-fatty-belly-factor-sio-bak-856476
21,https://www.channelnewsasia.com/experiences/ritz-carlton-stellar-dining-series-1386896
21,https://www.channelnewsasia.com/asia/thailand-paraquat-agriculture-chemicals-health-ban-855751
21,https://www.channelnewsasia.com/entertainment/new-ubin-village-tampines-1386866
21,https://www.channelnewsasia.com/singapore/king-arthur-flour-all-purpose-recalled-potential-ecoli-855041
21,https://www.channelnewsasia.com/business/india-banned-onion-exports-asia-eye-watering-prices-854021
22,https://www.channelnewsasia.com/dining/mcdonalds-veggie-burger-plt-beyond-meat-1327796
22,https://www.channelnewsasia.com/singapore/orchard-road-ice-cream-carts-street-hawkers-1327026
22,https://www.channelnewsasia.com/cna-insider/beansprout-prices-shoot-singapore-will-they-go-missing-our-favourite-dishes-1316446
22,https://www.channelnewsasia.com/experiences/bangkok-classic-restaurants-1386716
22,https://www.channelnewsasia.com/world/french-boy-dies-supermarket-burger-poisoning-861176
22,https://www.channelnewsasia.com/asia/white-rabbit-candy-halal-status-malaysia-pig-cow-dna-860861
22,https://www.channelnewsasia.com/singapore/service-industry-transformation-programme-greendot-860126
22,https://www.channelnewsasia.com/access/chefs-andre-chiang-and-jimmy-lim-860371
22,https://www.channelnewsasia.com/asia/malaysia-penang-nasi-kandar-curry-spice-oldest-858986
22,https://www.channelnewsasia.com/experiences/world-gourmet-festival-bangkok-street-food-1386551
22,https://www.channelnewsasia.com/singapore/authorities-investigate-typhoid-cases-moh-sfa-866276
22,https://www.channelnewsasia.com/asia/thailand-insect-farming-food-protein-source-863371
22,https://www.channelnewsasia.com/asia/thailand-bangkok-40-year-old-beef-noodle-soup-wattana-panich-864416
22,https://www.channelnewsasia.com/world/can-we-eat-meat-and-still-tame-global-warming-864376
22,https://www.channelnewsasia.com/singapore/fairprice-xtra-vivocity-largest-hypermart-pharmacy-863391
23,https://www.channelnewsasia.com/asia/smoky-tea-baked-clay-tandoori-chai-heats-pakistan-1319881
23,https://www.channelnewsasia.com/people/what-singapore-s-top-chefs-shop-for-1397451
23,https://www.channelnewsasia.com/singapore/nursing-home-seniors-volunteers-day-out-1318661
23,https://www.channelnewsasia.com/experiences/japanese-food-in-brazil-1397416
23,https://www.channelnewsasia.com/business/jollibee-acquisitions-world-domination-chickenjoy-dim-sum-coffee-1318681
23,https://www.channelnewsasia.com/experiences/capitol-kempinski-cafes-restaurants-1397306
23,https://www.channelnewsasia.com/cna-lifestyle/where-singapores-top-chefs-go-their-favourite-hawker-fix-869426
23,https://www.channelnewsasia.com/experiences/uni-sea-urchin-lighthouse-fullerton-1397226
23,https://www.channelnewsasia.com/entertainment/singapore-food-festival-26th-edition-1328866
23,https://www.channelnewsasia.com/access/what-to-eat-in-barcelona-1328981
23,https://www.channelnewsasia.com/world/672-arrested-global-swoop-fake-food-and-drink-interpol-875421
23,https://www.channelnewsasia.com/experiences/where-to-eat-in-bangkok-1397156
23,https://www.channelnewsasia.com/singapore/plant-evonik-meet-demand-meat-seafood-jurong-island-874691
23,https://www.channelnewsasia.com/cna-lifestyle/inventor-guilt-free-desserts-worlds-top-pastry-chef-1322591
23,https://www.channelnewsasia.com/asia/philippines-mango-prices-oversupply-2-million-kg-el-nino-1322761
24,https://www.channelnewsasia.com/cnainsider/filipino-chris-calledo-iskina-cebu-roast-pig-lechon-singapore-1322281
24,https://www.channelnewsasia.com/singapore/supermarkets-ban-food-hydrogenated-oil-fat-2020-1321611
24,https://www.channelnewsasia.com/entertainment/a-and-w-returns-second-outlet-amk-hub-jewel-882586
24,https://www.channelnewsasia.com/cnainsider/rayner-loi-food-waste-warrior-made-in-singapore-smart-dustbins-881126
24,https://www.channelnewsasia.com/cnainsider/farm-boy-yang-jian-singapore-mala-xiang-guo-hotpot-you-ma-you-la-879656
24,https://www.channelnewsasia.com/singapore/food-poisoning-pcf-sparkletots-kates-catering-suspension-sfa-879356
24,https://www.channelnewsasia.com/remarkableliving/where-to-eat-in-seoul-temple-food-south-korea-michelin-star-1396971
24,https://www.channelnewsasia.com/experiences/inside-the-workings-of-asia-s-best-restaurant-odette-1396956
24,https://www.channelnewsasia.com/people/cynthia-chua-japanese-restaurant-noka-funan-mall-singapore-2019-877296
24,https://www.channelnewsasia.com/experiences/how-singapore-restauranteurs-are-practising-sustainability-2019-1396916
24,https://www.channelnewsasia.com/experiences/culina-at-como-dempsey-grocery-shopping-never-looked-this-good-1396876
24,https://www.channelnewsasia.com/experiences/10-restaurants-to-enjoy-iftar-break-fast-ramadan-2019-1396871
24,https://www.channelnewsasia.com/remarkableliving/bangkok-saawaan-michelin-star-restaurant-thai-street-food-1396741
24,https://www.channelnewsasia.com/remarkableliving/melbourne-chef-shaun-quade-restaurant-lume-australia-1396776
24,https://www.channelnewsasia.com/experiences/helsinki-finland-scandinavia-nordic-dining-culinary-gastronomy-1396711
25,https://www.channelnewsasia.com/experiences/ce-la-vi-singapore-charity-auction-wine-dinner-2019-1396701
25,https://www.channelnewsasia.com/singapore/bakers-brew-studio-fined-operating-kitchen-without-licence-sfa-885041
25,https://www.channelnewsasia.com/singapore/shellfish-imported-malaysia-meets-safety-heavy-metals-singapore-884631
25,https://www.channelnewsasia.com/asia/risk-heavy-metal-poisoning-eating-shellfish-straits-malacca-884941
25,https://www.channelnewsasia.com/experiences/chef-ming-tan-jam-at-siri-house-mongolia-burger-pop-up-1396586
25,https://www.channelnewsasia.com/singapore/pcf-sparkletots-inhouse-cooks-food-poisoning-outbreak-caterer-884161
25,https://www.channelnewsasia.com/business/ikea-to-serve-salad-grown-in-store-sweden-883711
25,https://www.channelnewsasia.com/access/what-foodies-are-eating-and-drinking-at-kesa-house-on-keong-saik-883296
25,https://www.channelnewsasia.com/singapore/pcf-sparkletots-food-poisoning-hospital-children-discharged-882806
25,https://www.channelnewsasia.com/remarkableliving/alan-geaam-michelin-star-restaurant-paris-france-1396521
25,https://www.channelnewsasia.com/cnainsider/inside-high-tech-operation-singapore-largest-egg-farm-seng-choon-897076
25,https://www.channelnewsasia.com/singapore/siew-mai-goes-high-tech-singapores-first-cell-based-shrimp-dumplings-launched-896651
25,https://www.channelnewsasia.com/singapore/unesco-singapore-hawker-culture-submit-nomination-896431
25,https://www.channelnewsasia.com/remarkableliving/japanese-chef-kenjiro-hashida-singapore-mohamed-sultan-1972896
25,https://www.channelnewsasia.com/business/singapore-food-security-tech-research-development-896016
26,https://www.channelnewsasia.com/experiences/nosh-trekker-paddock-to-plate-food-tour-australia-what-to-expect-1396446
26,https://www.channelnewsasia.com/experiences/jam-siri-house-telok-ayer-arts-club-culture-dining-experiences-1396296
26,https://www.channelnewsasia.com/experiences/road-test-oven-then-tuck-modern-european-cuisine-v-dining-1396301
26,https://www.channelnewsasia.com/experiences/loh-lik-peng-and-his-epicurean-discoveries-in-italy-1396231
26,https://www.channelnewsasia.com/singapore/singapore-airlines-sia-human-tooth-flight-meal-plane-903146
26,https://www.channelnewsasia.com/world/marks-and-spencer-agrees-deal-ocado-sell-food-online-903211
26,https://www.channelnewsasia.com/dining/impossible-foods-meat-burger-plant-based-singapore-launch-902866
26,https://www.channelnewsasia.com/world/parisians-wake-coffee-fuelled-urban-mushroom-magic-902451
26,https://www.channelnewsasia.com/business/deliveroo-service-disruption-causes-delay-food-orders-902066
26,https://www.channelnewsasia.com/business/jumbo-group-opens-first-seafood-restaurant-in-south-korea-900291
26,https://www.channelnewsasia.com/business/heineken-toasts-fizziest-beer-growth-decade-899686
26,https://www.channelnewsasia.com/business/fighting-diabetes-food-waste-start-ups-cook-new-ideas-food-903991
26,https://www.channelnewsasia.com/singapore/succeeding-hawker-industry-veterans-say-conditions-are-challenging-not-impossible-914166
26,https://www.channelnewsasia.com/cnainsider/banana-prices-rising-singapore-farmers-philippines-not-gaining-910826
26,https://www.channelnewsasia.com/cnainsider/hup-kee-fish-ball-noodle-handmade-sold-out-daily-rare-hawker-920726
27,https://www.channelnewsasia.com/cnainsider/family-fish-ball-empire-handmade-automation-dodo-singapore-920731
27,https://www.channelnewsasia.com/cnainsider/politics-drugs-hom-mali-fragrant-thai-jasmine-rice-price-hike-920546
27,https://www.channelnewsasia.com/cnainsider/harsh-realities-rising-sugar-cane-juice-price-hikes-singapore-918941
27,https://www.channelnewsasia.com/cnainsider/see-hum-laksa-char-kway-teow-blood-cockles-food-price-hike-794756
27,https://www.channelnewsasia.com/singapore/ordered-instagram-served-hood-chef-who-wants-unite-people-through-briyani-798416
27,https://www.channelnewsasia.com/cnainsider/8-things-you-never-knew-hospital-food-tan-tock-seng-ttsh-kitchen-797826
27,https://www.channelnewsasia.com/dining/asean-singapore-local-dishes-hawker-food-security-797736
27,https://www.channelnewsasia.com/singapore/singapore-subway-officially-certified-halal-no-pork-807306
27,https://www.channelnewsasia.com/commentary/sin-tax-powerless-to-resist-foods-innovation-solution-to-obesity-803706
27,https://www.channelnewsasia.com/asia/durian-china-consumers-popularity-of-king-of-fruit-804996
27,https://www.channelnewsasia.com/lifestyle/lonely-planet-ultimate-eatlist-curry-laksa-chilli-crab-803866
27,https://www.channelnewsasia.com/world/joel-robuchon-dies-at-73-worlds-most-michelin-starred-chef-801891
27,https://www.channelnewsasia.com/singapore/great-world-city-undergo-refurbishment-works-mid-april-828576
27,https://www.channelnewsasia.com/singapore/ensuring-elderly-eat-enough-health-implications-better-diet-984901
27,https://www.channelnewsasia.com/commentary/commentary-why-are-we-willing-pay-s20-bowl-ramen-not-bak-chor-mee-1011386
28,https://www.channelnewsasia.com/wellness/3-reasons-you-should-stop-counting-calories-1011306
28,https://www.channelnewsasia.com/singapore/evolving-food-courts-blending-hawker-fare-and-hipster-cafe-1009841
28,https://www.channelnewsasia.com/cna-lifestyle/pho-no-hunting-hanoi-best-wanton-noodles-1015161
28,https://www.channelnewsasia.com/asia/asias-future-cities-high-speed-rail-track-connect-vientiane-region-1023711
28,https://www.channelnewsasia.com/singapore/heritage-and-gentrification-there-win-win-neighbourhoods-1029601
28,https://www.channelnewsasia.com/singapore/pets-leave-huge-carbon-paw-print-planet-study-shows-1105761
28,https://www.channelnewsasia.com/asia/nepal-earthquake-journey-epicentre-1974856
